source_pdf,source_date,list_kind,pages,arbitration_hits
raw_appellate_cl/pdfs/2025-01-14_supplementary_1_032c2b24a3.pdf,2025-01-14,supplementary_1,1,0
raw_appellate_cl/pdfs/2025-01-14_supplementary_1_9f0b2f3593.pdf,2025-01-14,supplementary_1,1,0
raw_appellate_cl/pdfs/2025-01-14_supplementary_1_d4c1f168e5.pdf,2025-01-14,supplementary_1,1,0
raw_appellate_cl/pdfs/2025-12-05_supplementary_1_4bbacdd313.pdf,2025-12-05,supplementary_1,1,0
raw_appellate_cl/pdfs/2025-12-05_supplementary_1_e69e9acabf.pdf,2025-12-05,supplementary_1,1,0
raw_appellate_cl/pdfs/2025-12-08_daily_d4babb2d27.pdf,2025-12-08,daily,511,388
raw_appellate_cl/pdfs/2025-12-09_daily_2a228d95ea.pdf,2025-12-09,daily,543,397
raw_appellate_cl/pdfs/2025-12-09_supplementary_1_712827517b.pdf,2025-12-09,supplementary_1,1,0
raw_appellate_cl/pdfs/2025-12-09_supplementary_1_77d3b81407.pdf,2025-12-09,supplementary_1,1,0
raw_appellate_cl/pdfs/2025-12-09_supplementary_1_f595d72054.pdf,2025-12-09,supplementary_1,1,0
raw_appellate_cl/pdfs/2025-12-10_daily_1a59823330.pdf,2025-12-10,daily,518,405
raw_appellate_cl/pdfs/2025-12-10_supplementary_1_2fc04d995b.pdf,2025-12-10,supplementary_1,1,0
raw_appellate_cl/pdfs/2025-12-10_supplementary_1_43aeb25082.pdf,2025-12-10,supplementary_1,1,0
raw_appellate_cl/pdfs/2025-12-10_supplementary_1_ac0510b84a.pdf,2025-12-10,supplementary_1,1,0
raw_appellate_cl/pdfs/2025-12-11_daily_ac8dcf3530.pdf,2025-12-11,daily,549,425
raw_appellate_cl/pdfs/2025-12-11_supplementary_1_211d953716.pdf,2025-12-11,supplementary_1,1,0
raw_appellate_cl/pdfs/2025-12-12_daily_3381a38d0c.pdf,2025-12-12,daily,533,314
raw_appellate_cl/pdfs/2025-12-12_supplementary_1_21e3d01382.pdf,2025-12-12,supplementary_1,1,0
raw_appellate_cl/pdfs/2025-12-12_supplementary_1_7c562f1b49.pdf,2025-12-12,supplementary_1,1,0
raw_appellate_cl/pdfs/2025-12-12_supplementary_1_bf48bca9ad.pdf,2025-12-12,supplementary_1,1,0
raw_appellate_cl/pdfs/2025-12-12_supplementary_1_c640d5b223.pdf,2025-12-12,supplementary_1,1,0
raw_appellate_cl/pdfs/2025-12-15_daily_14d3731334.pdf,2025-12-15,daily,542,463
raw_appellate_cl/pdfs/2025-12-15_supplementary_1_0e20d81ec3.pdf,2025-12-15,supplementary_1,1,0
raw_appellate_cl/pdfs/2025-12-16_daily_6ec3ddb4dd.pdf,2025-12-16,daily,516,367
raw_appellate_cl/pdfs/2025-12-16_supplementary_1_d876c4ad52.pdf,2025-12-16,supplementary_1,1,0
raw_appellate_cl/pdfs/2025-12-17_daily_e945407b9b.pdf,2025-12-17,daily,490,359
raw_appellate_cl/pdfs/2025-12-17_supplementary_1_35c1661896.pdf,2025-12-17,supplementary_1,1,0
raw_appellate_cl/pdfs/2025-12-18_daily_00eb88751f.pdf,2025-12-18,daily,463,361
raw_appellate_cl/pdfs/2025-12-18_supplementary_1_5724057713.pdf,2025-12-18,supplementary_1,1,0
raw_appellate_cl/pdfs/2025-12-18_supplementary_1_674d337fcc.pdf,2025-12-18,supplementary_1,1,0
raw_appellate_cl/pdfs/2025-12-18_supplementary_1_7856fb81c1.pdf,2025-12-18,supplementary_1,1,0
raw_appellate_cl/pdfs/2025-12-18_supplementary_2_160c907e2c.pdf,2025-12-18,supplementary_2,1,0
raw_appellate_cl/pdfs/2025-12-19_daily_cdc7d3244e.pdf,2025-12-19,daily,502,293
raw_appellate_cl/pdfs/2025-12-19_supplementary_1_4d394b8920.pdf,2025-12-19,supplementary_1,1,0
raw_appellate_cl/pdfs/2025-12-19_supplementary_1_6f394faf22.pdf,2025-12-19,supplementary_1,1,0
raw_appellate_cl/pdfs/2025-12-19_supplementary_1_82f0a954db.pdf,2025-12-19,supplementary_1,1,0
raw_appellate_cl/pdfs/2025-12-19_supplementary_1_8a2c6f0d85.pdf,2025-12-19,supplementary_1,1,0
raw_appellate_cl/pdfs/2025-12-19_supplementary_1_bc2c554d0d.pdf,2025-12-19,supplementary_1,1,0
raw_appellate_cl/pdfs/2025-12-19_supplementary_1_bcf949ae47.pdf,2025-12-19,supplementary_1,1,0
raw_appellate_cl/pdfs/2025-12-19_supplementary_2_273679577c.pdf,2025-12-19,supplementary_2,1,0
raw_appellate_cl/pdfs/2025-12-22_daily_da0cb97fdc.pdf,2025-12-22,daily,518,351
raw_appellate_cl/pdfs/2025-12-22_supplementary_1_0df37ab047.pdf,2025-12-22,supplementary_1,1,0
raw_appellate_cl/pdfs/2025-12-22_supplementary_1_31f1abf0eb.pdf,2025-12-22,supplementary_1,1,0
raw_appellate_cl/pdfs/2025-12-22_supplementary_1_379b8ef6e2.pdf,2025-12-22,supplementary_1,1,0
raw_appellate_cl/pdfs/2025-12-22_supplementary_1_38b9c1c216.pdf,2025-12-22,supplementary_1,1,0
raw_appellate_cl/pdfs/2025-12-22_supplementary_1_8ff2f6c530.pdf,2025-12-22,supplementary_1,1,0
raw_appellate_cl/pdfs/2025-12-22_supplementary_1_e4f2ad8d0a.pdf,2025-12-22,supplementary_1,1,0
raw_appellate_cl/pdfs/2025-12-22_supplementary_2_3297236b3d.pdf,2025-12-22,supplementary_2,1,0
raw_appellate_cl/pdfs/2025-12-23_supplementary_1_433a7a8fa6.pdf,2025-12-23,supplementary_1,1,0
raw_appellate_cl/pdfs/2025-12-23_supplementary_1_4d28cad338.pdf,2025-12-23,supplementary_1,1,0
raw_appellate_cl/pdfs/2025-12-23_supplementary_1_6253e78f88.pdf,2025-12-23,supplementary_1,1,0
raw_appellate_cl/pdfs/2025-12-23_supplementary_1_b56003cc6e.pdf,2025-12-23,supplementary_1,1,0
raw_appellate_cl/pdfs/2025-12-23_supplementary_1_cd066f41c4.pdf,2025-12-23,supplementary_1,1,0
raw_appellate_cl/pdfs/2025-12-24_daily_2d5ecbc1a2.pdf,2025-12-24,daily,363,354
raw_appellate_cl/pdfs/2025-12-24_supplementary_1_408a0e2fec.pdf,2025-12-24,supplementary_1,1,0
raw_appellate_cl/pdfs/2025-12-24_supplementary_1_51beb44f7d.pdf,2025-12-24,supplementary_1,2,0
raw_appellate_cl/pdfs/2025-12-24_supplementary_1_7b73e408e6.pdf,2025-12-24,supplementary_1,1,0
raw_appellate_cl/pdfs/2025-12-24_supplementary_1_cdefde827d.pdf,2025-12-24,supplementary_1,1,0
raw_appellate_cl/pdfs/2025-12-24_supplementary_1_fb689b89a1.pdf,2025-12-24,supplementary_1,1,0
raw_appellate_cl/pdfs/2025-12-24_supplementary_1_fd2e28a85d.pdf,2025-12-24,supplementary_1,1,0
raw_appellate_cl/pdfs/2025-12-24_supplementary_2_cc6e7a3d36.pdf,2025-12-24,supplementary_2,1,0
raw_appellate_cl/pdfs/2025-12-24_supplementary_3_f62aca2837.pdf,2025-12-24,supplementary_3,1,0
raw_appellate_cl/pdfs/2025-12-29_daily_614242bad2.pdf,2025-12-29,daily,9,0
raw_appellate_cl/pdfs/2025-12-29_supplementary_1_7210454338.pdf,2025-12-29,supplementary_1,1,0
raw_appellate_cl/pdfs/2025-12-29_supplementary_1_d6ff68eea0.pdf,2025-12-29,supplementary_1,1,0
raw_appellate_cl/pdfs/2025-12-29_supplementary_1_f32a46b16d.pdf,2025-12-29,supplementary_1,1,0
raw_appellate_cl/pdfs/2025-12-31_daily_927be96b6f.pdf,2025-12-31,daily,8,0
raw_appellate_cl/pdfs/2025-12-31_supplementary_1_2633355321.pdf,2025-12-31,supplementary_1,1,0
raw_appellate_cl/pdfs/2025-12-31_supplementary_1_b89f447a11.pdf,2025-12-31,supplementary_1,2,0
raw_appellate_cl/pdfs/2025-12-31_supplementary_1_bbab64be4a.pdf,2025-12-31,supplementary_1,1,0
raw_appellate_cl/pdfs/2026-01-02_daily_36b71ac5c5.pdf,2026-01-02,daily,544,266
raw_appellate_cl/pdfs/2026-01-02_supplementary_1_19b0cc98a5.pdf,2026-01-02,supplementary_1,1,0
raw_appellate_cl/pdfs/2026-01-05_supplementary_1_91739d8985.pdf,2026-01-05,supplementary_1,1,0
raw_appellate_cl/pdfs/2026-01-06_daily_0b1052fb70.pdf,2026-01-06,daily,526,335
raw_appellate_cl/pdfs/2026-01-06_supplementary_1_2e689087d8.pdf,2026-01-06,supplementary_1,1,0
raw_appellate_cl/pdfs/2026-01-07_daily_47316b7545.pdf,2026-01-07,daily,496,362
raw_appellate_cl/pdfs/2026-01-07_supplementary_1_921b3465d3.pdf,2026-01-07,supplementary_1,1,0
raw_appellate_cl/pdfs/2026-01-07_supplementary_1_f968ecaa6d.pdf,2026-01-07,supplementary_1,1,0
raw_appellate_cl/pdfs/2026-01-08_daily_22e1b04f81.pdf,2026-01-08,daily,519,351
raw_appellate_cl/pdfs/2026-01-08_supplementary_1_b2faf4749c.pdf,2026-01-08,supplementary_1,1,0
raw_appellate_cl/pdfs/2026-01-08_supplementary_1_cd94fe9536.pdf,2026-01-08,supplementary_1,1,0
raw_appellate_cl/pdfs/2026-01-09_daily_8da8e3fa58.pdf,2026-01-09,daily,553,301
raw_appellate_cl/pdfs/2026-01-09_supplementary_1_265e5f5e0f.pdf,2026-01-09,supplementary_1,1,0
raw_appellate_cl/pdfs/2026-01-09_supplementary_1_731403e53a.pdf,2026-01-09,supplementary_1,1,0
raw_appellate_cl/pdfs/2026-01-09_supplementary_1_78e2728131.pdf,2026-01-09,supplementary_1,1,0
raw_appellate_cl/pdfs/2026-01-09_supplementary_1_a7a9c99be2.pdf,2026-01-09,supplementary_1,1,0
raw_appellate_cl/pdfs/2026-01-09_supplementary_1_db469f0c78.pdf,2026-01-09,supplementary_1,1,0
raw_appellate_cl/pdfs/2026-01-13_daily_028df89c2f.pdf,2026-01-13,daily,541,407
raw_appellate_cl/pdfs/2026-01-14_daily_5264e61034.pdf,2026-01-14,daily,519,298
raw_appellate_cl/pdfs/2026-01-15_daily_b699de6a60.pdf,2026-01-15,daily,542,343
raw_appellate_cl/pdfs/2026-01-16_daily_3b622378fd.pdf,2026-01-16,daily,526,295
raw_appellate_cl/pdfs/2026-01-16_supplementary_1_43b9b10fc7.pdf,2026-01-16,supplementary_1,1,0
raw_appellate_cl/pdfs/2026-01-16_supplementary_1_6b514f2dc8.pdf,2026-01-16,supplementary_1,1,0
raw_appellate_cl/pdfs/2026-01-19_daily_95bc78a272.pdf,2026-01-19,daily,586,356
raw_appellate_cl/pdfs/2026-01-20_daily_e911ac4ec1.pdf,2026-01-20,daily,593,532
raw_appellate_cl/pdfs/2026-01-21_daily_6e7a7bf901.pdf,2026-01-21,daily,574,529
raw_appellate_cl/pdfs/2026-01-21_supplementary_1_7a4814115d.pdf,2026-01-21,supplementary_1,1,0
raw_appellate_cl/pdfs/2026-01-21_supplementary_1_8b23a265f8.pdf,2026-01-21,supplementary_1,1,0
raw_appellate_cl/pdfs/2026-01-21_supplementary_1_fac17e8f60.pdf,2026-01-21,supplementary_1,2,0
raw_appellate_cl/pdfs/2026-01-21_supplementary_2_8d8c8661b3.pdf,2026-01-21,supplementary_2,1,0
raw_appellate_cl/pdfs/2026-01-22_daily_a1c2287631.pdf,2026-01-22,daily,566,427
raw_appellate_cl/pdfs/2026-01-22_supplementary_1_443b5635b9.pdf,2026-01-22,supplementary_1,1,0
raw_appellate_cl/pdfs/2026-01-22_supplementary_1_c1bc72f508.pdf,2026-01-22,supplementary_1,1,0
raw_appellate_cl/pdfs/2026-01-22_supplementary_2_8e08a27c49.pdf,2026-01-22,supplementary_2,1,0
raw_appellate_cl/pdfs/2026-01-23_supplementary_1_ce8ca6ddf2.pdf,2026-01-23,supplementary_1,1,0
raw_appellate_cl/pdfs/2026-01-27_daily_317992116c.pdf,2026-01-27,daily,590,404
raw_appellate_cl/pdfs/2026-01-27_supplementary_1_cbf8345386.pdf,2026-01-27,supplementary_1,1,0
raw_appellate_cl/pdfs/2026-01-28_daily_44349f2f2d.pdf,2026-01-28,daily,566,380
raw_appellate_cl/pdfs/2026-01-28_supplementary_1_37b4004749.pdf,2026-01-28,supplementary_1,1,0
raw_appellate_cl/pdfs/2026-01-28_supplementary_1_424e2d51af.pdf,2026-01-28,supplementary_1,1,0
raw_appellate_cl/pdfs/2026-01-28_supplementary_1_640090171a.pdf,2026-01-28,supplementary_1,1,0
raw_appellate_cl/pdfs/2026-01-28_supplementary_2_a5bd0e40d0.pdf,2026-01-28,supplementary_2,1,0
raw_appellate_cl/pdfs/2026-01-29_daily_495b36ce24.pdf,2026-01-29,daily,562,383
raw_appellate_cl/pdfs/2026-01-29_supplementary_1_60f2eeebd0.pdf,2026-01-29,supplementary_1,1,0
raw_appellate_cl/pdfs/2026-01-29_supplementary_1_a4a84676e0.pdf,2026-01-29,supplementary_1,1,0
raw_appellate_cl/pdfs/2026-01-29_supplementary_1_a6aa53c6ea.pdf,2026-01-29,supplementary_1,1,0
raw_appellate_cl/pdfs/2026-01-29_supplementary_1_f7d8193f3e.pdf,2026-01-29,supplementary_1,1,0
raw_appellate_cl/pdfs/2026-01-30_daily_eea79f9577.pdf,2026-01-30,daily,604,303
raw_appellate_cl/pdfs/2026-01-30_supplementary_1_10beb3f694.pdf,2026-01-30,supplementary_1,1,0
raw_appellate_cl/pdfs/2026-01-30_supplementary_1_b1d3694d91.pdf,2026-01-30,supplementary_1,1,0
raw_appellate_cl/pdfs/2026-02-02_supplementary_1_44d6d6607a.pdf,2026-02-02,supplementary_1,1,0
raw_appellate_cl/pdfs/2026-02-03_daily_33e41b7689.pdf,2026-02-03,daily,605,372
raw_appellate_cl/pdfs/2026-02-03_supplementary_1_7fca03b141.pdf,2026-02-03,supplementary_1,1,0
raw_appellate_cl/pdfs/2026-02-04_daily_e54aa6283a.pdf,2026-02-04,daily,569,351
raw_appellate_cl/pdfs/2026-02-04_supplementary_1_2750eb657e.pdf,2026-02-04,supplementary_1,1,0
raw_appellate_cl/pdfs/2026-02-04_supplementary_1_5d5ef0083d.pdf,2026-02-04,supplementary_1,1,0
raw_appellate_cl/pdfs/2026-02-05_daily_0321fca896.pdf,2026-02-05,daily,583,390
raw_appellate_cl/pdfs/2026-02-05_supplementary_1_4829c543b8.pdf,2026-02-05,supplementary_1,1,0
raw_appellate_cl/pdfs/2026-02-05_supplementary_1_fc33db9d4a.pdf,2026-02-05,supplementary_1,1,0
raw_appellate_cl/pdfs/2026-02-05_supplementary_1_ff1ccdc6ef.pdf,2026-02-05,supplementary_1,1,0
raw_appellate_cl/pdfs/2026-02-06_daily_fc0c938617.pdf,2026-02-06,daily,585,319
raw_appellate_cl/pdfs/2026-02-06_supplementary_1_eb48cc8b54.pdf,2026-02-06,supplementary_1,1,0
raw_appellate_cl/pdfs/2026-02-09_daily_7971a64acd.pdf,2026-02-09,daily,480,367
raw_appellate_cl/pdfs/2026-02-09_supplementary_1_1c9f8d8289.pdf,2026-02-09,supplementary_1,1,0
raw_appellate_cl/pdfs/2026-02-09_supplementary_1_81596d4b4c.pdf,2026-02-09,supplementary_1,1,0
raw_appellate_cl/pdfs/2026-02-10_daily_08edd79639.pdf,2026-02-10,daily,546,412
raw_appellate_cl/pdfs/2026-02-10_supplementary_1_f55723d9c8.pdf,2026-02-10,supplementary_1,1,0
raw_appellate_cl/pdfs/2026-02-11_daily_fda2b4f442.pdf,2026-02-11,daily,522,359
raw_appellate_cl/pdfs/2026-02-11_supplementary_1_0bdb4b644d.pdf,2026-02-11,supplementary_1,1,0
raw_appellate_cl/pdfs/2026-02-11_supplementary_1_2e365183e0.pdf,2026-02-11,supplementary_1,1,0
raw_appellate_cl/pdfs/2026-02-11_supplementary_2_32902ec87f.pdf,2026-02-11,supplementary_2,1,0
raw_appellate_cl/pdfs/2026-02-12_daily_8c6f0d862b.pdf,2026-02-12,daily,540,367
raw_appellate_cl/pdfs/2026-02-12_supplementary_1_75580c380b.pdf,2026-02-12,supplementary_1,1,0
raw_appellate_cl/pdfs/2026-02-12_supplementary_1_e1d240077f.pdf,2026-02-12,supplementary_1,1,0
raw_appellate_cl/pdfs/2026-02-13_daily_ec4e0cfe51.pdf,2026-02-13,daily,510,303
raw_appellate_cl/pdfs/2026-02-13_supplementary_1_6368ff63b3.pdf,2026-02-13,supplementary_1,1,0
raw_appellate_cl/pdfs/2026-02-16_daily_7476351ee0.pdf,2026-02-16,daily,501,436
raw_appellate_cl/pdfs/2026-02-16_supplementary_1_7dc2771671.pdf,2026-02-16,supplementary_1,1,0
raw_appellate_cl/pdfs/2026-02-17_daily_ed725ac412.pdf,2026-02-17,daily,508,509
raw_appellate_cl/pdfs/2026-02-17_supplementary_1_076f2f7406.pdf,2026-02-17,supplementary_1,1,0
raw_appellate_cl/pdfs/2026-02-18_daily_0a1c418313.pdf,2026-02-18,daily,471,337
raw_appellate_cl/pdfs/2026-02-18_supplementary_1_e21ff50cfb.pdf,2026-02-18,supplementary_1,1,0
raw_appellate_cl/pdfs/2026-02-19_daily_52acc5da0b.pdf,2026-02-19,daily,528,364
raw_appellate_cl/pdfs/2026-02-20_daily_4efee44408.pdf,2026-02-20,daily,469,319
raw_appellate_cl/pdfs/2026-02-20_supplementary_1_36af16544c.pdf,2026-02-20,supplementary_1,1,0
raw_appellate_cl/pdfs/2026-02-20_supplementary_1_8a928a620b.pdf,2026-02-20,supplementary_1,1,0
raw_appellate_cl/pdfs/2026-02-20_supplementary_1_bca6a18bd0.pdf,2026-02-20,supplementary_1,1,0
raw_appellate_cl/pdfs/2026-02-23_daily_5c9a478096.pdf,2026-02-23,daily,565,399
raw_appellate_cl/pdfs/2026-02-23_supplementary_1_21b9535c30.pdf,2026-02-23,supplementary_1,1,0
raw_appellate_cl/pdfs/2026-02-23_supplementary_1_7a1871056c.pdf,2026-02-23,supplementary_1,1,0
raw_appellate_cl/pdfs/2026-02-23_supplementary_1_dadfae2693.pdf,2026-02-23,supplementary_1,1,0
raw_appellate_cl/pdfs/2026-02-24_daily_28fa2b0bb1.pdf,2026-02-24,daily,494,391
raw_appellate_cl/pdfs/2026-02-24_supplementary_1_11b05310dc.pdf,2026-02-24,supplementary_1,1,0
raw_appellate_cl/pdfs/2026-02-24_supplementary_1_f8fba8ec7a.pdf,2026-02-24,supplementary_1,1,0
raw_appellate_cl/pdfs/2026-02-25_daily_52dfee4fc9.pdf,2026-02-25,daily,543,348
raw_appellate_cl/pdfs/2026-02-25_supplementary_1_a38350761d.pdf,2026-02-25,supplementary_1,1,0
raw_appellate_cl/pdfs/2026-02-26_daily_9284e838b8.pdf,2026-02-26,daily,528,372
raw_appellate_cl/pdfs/2026-02-26_supplementary_1_67a6077c5d.pdf,2026-02-26,supplementary_1,1,0
raw_appellate_cl/pdfs/2026-02-26_supplementary_1_e501c201e8.pdf,2026-02-26,supplementary_1,1,0
raw_appellate_cl/pdfs/2026-02-27_daily_6acbfa610f.pdf,2026-02-27,daily,542,295
raw_appellate_cl/pdfs/2026-02-27_supplementary_1_05e0b67df0.pdf,2026-02-27,supplementary_1,1,0
raw_appellate_cl/pdfs/2026-02-27_supplementary_1_0b6ab7fd50.pdf,2026-02-27,supplementary_1,1,0
raw_appellate_cl/pdfs/2026-02-27_supplementary_1_1991d03ed4.pdf,2026-02-27,supplementary_1,1,0
raw_appellate_cl/pdfs/2026-02-27_supplementary_1_3e1a7d977c.pdf,2026-02-27,supplementary_1,1,0
raw_appellate_cl/pdfs/2026-02-27_supplementary_1_4a074bc8b6.pdf,2026-02-27,supplementary_1,1,0
raw_appellate_cl/pdfs/2026-02-27_supplementary_1_587c1556c5.pdf,2026-02-27,supplementary_1,1,8
raw_appellate_cl/pdfs/2026-02-27_supplementary_1_62c1669b41.pdf,2026-02-27,supplementary_1,1,0
raw_appellate_cl/pdfs/2026-02-27_supplementary_1_c6795e8157.pdf,2026-02-27,supplementary_1,1,0
raw_appellate_cl/pdfs/2026-02-27_supplementary_1_e830f469f1.pdf,2026-02-27,supplementary_1,1,0
raw_appellate_cl/pdfs/2026-02-27_supplementary_2_5c46b2e4ed.pdf,2026-02-27,supplementary_2,1,0
raw_appellate_cl/pdfs/2026-02-27_supplementary_2_a8f9370bd1.pdf,2026-02-27,supplementary_2,1,0
raw_appellate_cl/pdfs/2026-03-02_supplementary_1_de20d43c8d.pdf,2026-03-02,supplementary_1,1,0
raw_appellate_cl/pdfs/2026-03-02_supplementary_1_ff33ed2fb0.pdf,2026-03-02,supplementary_1,1,0
raw_appellate_cl/pdfs/2026-03-05_daily_2cb6388a4f.pdf,2026-03-05,daily,461,424
raw_appellate_cl/pdfs/2026-03-05_supplementary_1_641eb5f5ce.pdf,2026-03-05,supplementary_1,1,0
raw_appellate_cl/pdfs/2026-03-06_daily_9f4bc2d990.pdf,2026-03-06,daily,414,263
raw_appellate_cl/pdfs/2026-03-06_supplementary_1_56408eccd5.pdf,2026-03-06,supplementary_1,1,0
raw_appellate_cl/pdfs/2026-03-06_supplementary_1_c931582b42.pdf,2026-03-06,supplementary_1,1,0
raw_appellate_cl/pdfs/2026-03-09_daily_27c3268708.pdf,2026-03-09,daily,470,417
raw_appellate_cl/pdfs/2026-03-09_supplementary_1_0e60f028d8.pdf,2026-03-09,supplementary_1,1,0
raw_appellate_cl/pdfs/2026-03-09_supplementary_1_23b148bc73.pdf,2026-03-09,supplementary_1,1,0
raw_appellate_cl/pdfs/2026-03-09_supplementary_1_2451a1f6e4.pdf,2026-03-09,supplementary_1,1,0
raw_appellate_cl/pdfs/2026-03-09_supplementary_1_dacc00df2e.pdf,2026-03-09,supplementary_1,1,0
raw_appellate_cl/pdfs/2026-03-09_supplementary_1_e36497a0c7.pdf,2026-03-09,supplementary_1,1,0
raw_appellate_cl/pdfs/2026-03-09_supplementary_1_fd591659a2.pdf,2026-03-09,supplementary_1,1,0
raw_appellate_cl/pdfs/2026-03-10_daily_65d47e8c1a.pdf,2026-03-10,daily,462,463
raw_appellate_cl/pdfs/2026-03-10_supplementary_1_683ea12da4.pdf,2026-03-10,supplementary_1,1,0
raw_appellate_cl/pdfs/2026-03-10_supplementary_1_6a1a9819dd.pdf,2026-03-10,supplementary_1,1,0
raw_appellate_cl/pdfs/2026-03-10_supplementary_1_b2b041ca3e.pdf,2026-03-10,supplementary_1,1,0
raw_appellate_cl/pdfs/2026-03-10_supplementary_1_c408a53efe.pdf,2026-03-10,supplementary_1,1,0
raw_appellate_cl/pdfs/2026-03-11_daily_69ca3a4bb1.pdf,2026-03-11,daily,436,431
raw_appellate_cl/pdfs/2026-03-11_supplementary_1_07058c75db.pdf,2026-03-11,supplementary_1,1,0
raw_appellate_cl/pdfs/2026-03-12_daily_c60dd3a98b.pdf,2026-03-12,daily,459,351
raw_appellate_cl/pdfs/2026-03-12_supplementary_1_503334c373.pdf,2026-03-12,supplementary_1,1,0
raw_appellate_cl/pdfs/2026-03-13_daily_9a3e38edbf.pdf,2026-03-13,daily,430,279
raw_appellate_cl/pdfs/2026-03-16_daily_f20fca5256.pdf,2026-03-16,daily,457,444
raw_appellate_cl/pdfs/2026-03-17_daily_258b204324.pdf,2026-03-17,daily,460,452
raw_appellate_cl/pdfs/2026-03-17_supplementary_1_ead589b3db.pdf,2026-03-17,supplementary_1,1,0
raw_appellate_cl/pdfs/2026-03-18_daily_e2d39a25da.pdf,2026-03-18,daily,421,388
raw_appellate_cl/pdfs/2026-03-18_supplementary_1_5b4a7de308.pdf,2026-03-18,supplementary_1,1,0
raw_appellate_cl/pdfs/2026-03-18_supplementary_1_dd6b1ea542.pdf,2026-03-18,supplementary_1,1,0
raw_appellate_cl/pdfs/2026-03-19_daily_97ef62223c.pdf,2026-03-19,daily,464,436
raw_appellate_cl/pdfs/2026-03-19_supplementary_1_2c927ebb31.pdf,2026-03-19,supplementary_1,1,0
raw_appellate_cl/pdfs/2026-03-19_supplementary_1_5bb365efe7.pdf,2026-03-19,supplementary_1,1,0
raw_appellate_cl/pdfs/2026-03-19_supplementary_1_bea79d7d90.pdf,2026-03-19,supplementary_1,1,0
raw_appellate_cl/pdfs/2026-03-19_supplementary_1_f394dc0735.pdf,2026-03-19,supplementary_1,1,0
raw_appellate_cl/pdfs/2026-03-20_daily_4426af8666.pdf,2026-03-20,daily,422,308
raw_appellate_cl/pdfs/2026-03-20_supplementary_1_578d01c0a3.pdf,2026-03-20,supplementary_1,1,0
raw_appellate_cl/pdfs/2026-03-20_supplementary_1_99c981ee37.pdf,2026-03-20,supplementary_1,1,0
raw_appellate_cl/pdfs/2026-03-20_supplementary_1_e14d80af97.pdf,2026-03-20,supplementary_1,1,0
raw_appellate_cl/pdfs/2026-03-23_daily_39287c35df.pdf,2026-03-23,daily,433,415
raw_appellate_cl/pdfs/2026-03-24_daily_e82d3f64c6.pdf,2026-03-24,daily,478,420
raw_appellate_cl/pdfs/2026-03-24_supplementary_1_7a51fc60c3.pdf,2026-03-24,supplementary_1,1,0
raw_appellate_cl/pdfs/2026-03-24_supplementary_1_c8c397ae65.pdf,2026-03-24,supplementary_1,1,0
raw_appellate_cl/pdfs/2026-03-25_daily_9c70d02b78.pdf,2026-03-25,daily,478,408
raw_appellate_cl/pdfs/2026-03-25_supplementary_1_912f1c2fed.pdf,2026-03-25,supplementary_1,1,0
raw_appellate_cl/pdfs/2026-03-25_supplementary_1_aa03799cd2.pdf,2026-03-25,supplementary_1,1,0
raw_appellate_cl/pdfs/2026-03-27_daily_5dcb310351.pdf,2026-03-27,daily,494,311
raw_appellate_cl/pdfs/2026-03-27_supplementary_1_44b4b82f1a.pdf,2026-03-27,supplementary_1,1,0
raw_appellate_cl/pdfs/2026-03-27_supplementary_1_a7679c6054.pdf,2026-03-27,supplementary_1,1,0
raw_appellate_cl/pdfs/2026-03-27_supplementary_1_b5f5c36ddf.pdf,2026-03-27,supplementary_1,1,0
raw_appellate_cl/pdfs/2026-03-27_supplementary_1_dce5a1a85e.pdf,2026-03-27,supplementary_1,1,0
raw_appellate_cl/pdfs/2026-03-30_daily_564d531c31.pdf,2026-03-30,daily,541,489
raw_appellate_cl/pdfs/2026-03-30_supplementary_1_123a1486c4.pdf,2026-03-30,supplementary_1,1,0
raw_appellate_cl/pdfs/2026-03-30_supplementary_1_43b58fcdaa.pdf,2026-03-30,supplementary_1,1,0
raw_appellate_cl/pdfs/2026-03-30_supplementary_1_62fdff8979.pdf,2026-03-30,supplementary_1,1,0
raw_appellate_cl/pdfs/2026-03-30_supplementary_1_b78d73d4c9.pdf,2026-03-30,supplementary_1,1,0
raw_appellate_cl/pdfs/2026-03-30_supplementary_1_b8bdad74fc.pdf,2026-03-30,supplementary_1,1,0
raw_appellate_cl/pdfs/2026-03-31_daily_eb8d573f4e.pdf,2026-03-31,daily,544,513
raw_appellate_cl/pdfs/2026-03-31_supplementary_1_18270170ad.pdf,2026-03-31,supplementary_1,1,0
raw_appellate_cl/pdfs/2026-03-31_supplementary_1_1ab65a7078.pdf,2026-03-31,supplementary_1,1,0
raw_appellate_cl/pdfs/2026-03-31_supplementary_1_251f44592f.pdf,2026-03-31,supplementary_1,1,0
raw_appellate_cl/pdfs/2026-03-31_supplementary_1_2c50ef0bba.pdf,2026-03-31,supplementary_1,1,0
raw_appellate_cl/pdfs/2026-03-31_supplementary_1_db9ab76b09.pdf,2026-03-31,supplementary_1,1,0
raw_appellate_cl/pdfs/2026-04-01_daily_22e7b8003c.pdf,2026-04-01,daily,497,526
raw_appellate_cl/pdfs/2026-04-01_supplementary_1_2844bee73a.pdf,2026-04-01,supplementary_1,1,0
raw_appellate_cl/pdfs/2026-04-01_supplementary_1_3f09663a30.pdf,2026-04-01,supplementary_1,1,0
raw_appellate_cl/pdfs/2026-04-01_supplementary_1_646ffb75ad.pdf,2026-04-01,supplementary_1,1,0
raw_appellate_cl/pdfs/2026-04-01_supplementary_1_8f88f4ed48.pdf,2026-04-01,supplementary_1,1,0
raw_appellate_cl/pdfs/2026-04-02_daily_c3ca7c881a.pdf,2026-04-02,daily,500,556
raw_appellate_cl/pdfs/2026-04-02_supplementary_1_387ac7cd1f.pdf,2026-04-02,supplementary_1,1,0
raw_appellate_cl/pdfs/2026-04-02_supplementary_1_c90ceefc7c.pdf,2026-04-02,supplementary_1,1,0
raw_appellate_cl/pdfs/2026-04-02_supplementary_1_f49a6f3227.pdf,2026-04-02,supplementary_1,1,0
raw_appellate_cl/pdfs/2026-04-03_daily_c2e1a44b5a.pdf,2026-04-03,daily,1,0
raw_appellate_cl/pdfs/2026-04-06_supplementary_1_af5cd7a8e5.pdf,2026-04-06,supplementary_1,1,0
raw_appellate_cl/pdfs/2026-04-06_supplementary_1_ee2b968736.pdf,2026-04-06,supplementary_1,1,0
raw_appellate_cl/pdfs/2026-04-07_daily_dd0f2d366a.pdf,2026-04-07,daily,516,476
raw_appellate_cl/pdfs/2026-04-07_supplementary_1_e571afd964.pdf,2026-04-07,supplementary_1,1,0
raw_appellate_cl/pdfs/2026-04-08_daily_8c19f27179.pdf,2026-04-08,daily,481,463
raw_appellate_cl/pdfs/2026-04-08_supplementary_1_3883133fe0.pdf,2026-04-08,supplementary_1,1,0
raw_appellate_cl/pdfs/2026-04-09_daily_2c214e85d8.pdf,2026-04-09,daily,496,487
raw_appellate_cl/pdfs/2026-04-09_supplementary_1_57c05caea0.pdf,2026-04-09,supplementary_1,1,0
raw_appellate_cl/pdfs/2026-04-09_supplementary_1_b150c4488b.pdf,2026-04-09,supplementary_1,1,0
raw_appellate_cl/pdfs/2026-04-09_supplementary_1_bcb62b82f5.pdf,2026-04-09,supplementary_1,1,0
raw_appellate_cl/pdfs/2026-04-10_daily_5f95940965.pdf,2026-04-10,daily,457,317
raw_appellate_cl/pdfs/2026-04-10_supplementary_1_c64836eebf.pdf,2026-04-10,supplementary_1,1,0
raw_appellate_cl/pdfs/2026-04-10_supplementary_1_f8bd5e4bb4.pdf,2026-04-10,supplementary_1,1,0
raw_appellate_cl/pdfs/2026-04-13_daily_212e0c39e9.pdf,2026-04-13,daily,425,349
raw_appellate_cl/pdfs/2026-04-13_supplementary_1_e177148eea.pdf,2026-04-13,supplementary_1,1,0
raw_appellate_cl/pdfs/2026-04-13_supplementary_1_f0ceb589bc.pdf,2026-04-13,supplementary_1,1,0
raw_appellate_cl/pdfs/2026-04-16_daily_2ff8d250b1.pdf,2026-04-16,daily,456,269
raw_appellate_cl/pdfs/2026-04-16_supplementary_1_7e51c5febd.pdf,2026-04-16,supplementary_1,1,0
raw_appellate_cl/pdfs/2026-04-16_supplementary_1_81095fafe0.pdf,2026-04-16,supplementary_1,1,0
raw_appellate_cl/pdfs/2026-04-16_supplementary_1_cccf328984.pdf,2026-04-16,supplementary_1,1,0
raw_appellate_cl/pdfs/2026-04-17_daily_ea53b0a7d5.pdf,2026-04-17,daily,475,301
raw_appellate_cl/pdfs/2026-04-17_supplementary_1_289f53a3a6.pdf,2026-04-17,supplementary_1,1,0
raw_appellate_cl/pdfs/2026-04-17_supplementary_1_2d4f0ae7ce.pdf,2026-04-17,supplementary_1,1,0
raw_appellate_cl/pdfs/2026-04-17_supplementary_1_6508044318.pdf,2026-04-17,supplementary_1,1,0
raw_appellate_cl/pdfs/2026-04-17_supplementary_1_a35d856322.pdf,2026-04-17,supplementary_1,2,0
raw_appellate_cl/pdfs/2026-04-17_supplementary_2_3b5500a138.pdf,2026-04-17,supplementary_2,1,0
raw_appellate_cl/pdfs/2026-04-20_daily_6b5c29640c.pdf,2026-04-20,daily,418,298
raw_appellate_cl/pdfs/2026-04-20_supplementary_1_ab0029f177.pdf,2026-04-20,supplementary_1,1,0
raw_appellate_cl/pdfs/2026-04-20_supplementary_1_f2069ebb65.pdf,2026-04-20,supplementary_1,1,0
raw_appellate_cl/pdfs/2026-04-21_daily_1f58250790.pdf,2026-04-21,daily,407,290
raw_appellate_cl/pdfs/2026-04-21_supplementary_1_6a4b6ceb45.pdf,2026-04-21,supplementary_1,1,0
raw_appellate_cl/pdfs/2026-04-21_supplementary_1_89631ae1bb.pdf,2026-04-21,supplementary_1,1,0
raw_appellate_cl/pdfs/2026-04-21_supplementary_1_96a3f85125.pdf,2026-04-21,supplementary_1,1,0
raw_appellate_cl/pdfs/2026-04-22_daily_196e779d81.pdf,2026-04-22,daily,373,261
raw_appellate_cl/pdfs/2026-04-23_daily_66b9a24915.pdf,2026-04-23,daily,389,282
raw_appellate_cl/pdfs/2026-04-23_supplementary_1_32ff8ae767.pdf,2026-04-23,supplementary_1,1,0
raw_appellate_cl/pdfs/2026-04-24_daily_5f8dfc2dc2.pdf,2026-04-24,daily,402,282
raw_appellate_cl/pdfs/2026-04-24_supplementary_1_0f2d54296f.pdf,2026-04-24,supplementary_1,1,0
raw_appellate_cl/pdfs/2026-04-24_supplementary_1_e53966888d.pdf,2026-04-24,supplementary_1,1,0
raw_appellate_cl/pdfs/2026-04-27_daily_0d6d62c327.pdf,2026-04-27,daily,403,269
raw_appellate_cl/pdfs/2026-04-27_supplementary_1_27a276574d.pdf,2026-04-27,supplementary_1,1,0
raw_appellate_cl/pdfs/2026-04-27_supplementary_1_563b83e9c3.pdf,2026-04-27,supplementary_1,1,0
raw_appellate_cl/pdfs/2026-04-27_supplementary_1_b4e80aa7fb.pdf,2026-04-27,supplementary_1,1,0
raw_appellate_cl/pdfs/2026-04-27_supplementary_2_ef850d7484.pdf,2026-04-27,supplementary_2,1,0
raw_appellate_cl/pdfs/unknown_date_supplementary_1_69683aa48f.pdf,,supplementary_1,1,0
raw_appellate_cl/pdfs/unknown_date_supplementary_1_7b7efbeb9d.pdf,,supplementary_1,1,0
raw_appellate_cl/pdfs/unknown_date_supplementary_1_eb06cfb305.pdf,,supplementary_1,1,0
